Species,final_hab
Abalistes filamentosus,non_reef
Abalistes stellatus,reef_facultative
Acanthaluteres spilomelanurus,non_reef
Acanthaluteres vittiger,reef_facultative
Acanthostracion polygonius,reef_obligate
Acanthostracion quadricornis,non_reef
Acreichthys tomentosus,reef_facultative
Allomycterus pilatus,non_reef
Aluterus heudelotii,non_reef
Aluterus monoceros,non_reef
Aluterus scriptus,reef_obligate
Amanses scopas,reef_obligate
Anacanthus barbatus,non_reef
Anoplocapros amygdaloides,reef_facultative
Anoplocapros inermis,reef_facultative
Anoplocapros lenticularis,reef_facultative
Aracana aurita,reef_facultative
Arothron hispidus,reef_facultative
Arothron meleagris,reef_obligate
Arothron nigropunctatus,reef_obligate
Arothron reticularis,reef_facultative
Arothron stellatus,reef_obligate
Auriglobus nefastus,non_reef
Balistapus undulatus,reef_obligate
Balistes capriscus,reef_obligate
Balistes polylepis,reef_facultative
Balistes vetula,reef_facultative
Balistoides conspicillum,reef_obligate
Balistoides viridescens,reef_obligate
Brachaluteres jacksonianus,reef_facultative
Brachaluteres taylori,reef_facultative
Cantherhines dumerilii,reef_obligate
Cantherhines fronticinctus,reef_obligate
Cantherhines longicaudus,reef_obligate
Cantherhines nukuhiva,reef_obligate
Cantherhines pardalis,reef_obligate
Cantherhines pullus,reef_obligate
Cantherhines sandwichiensis,reef_obligate
Cantheschenia grandisquamis,reef_facultative
Canthidermis maculata,non_reef
Canthidermis sufflamen,reef_facultative
Canthigaster axiologus,reef_facultative
Canthigaster bennetti,reef_facultative
Canthigaster coronata,reef_facultative
Canthigaster cyanospilota,reef_facultative
Canthigaster jactator,reef_obligate
Canthigaster janthinoptera,reef_obligate
Canthigaster marquesensis,reef_obligate
Canthigaster punctatissima,reef_obligate
Canthigaster rapaensis,reef_obligate
Canthigaster rostrata,reef_facultative
Canthigaster solandri,reef_facultative
Canthigaster valentini,reef_obligate
Caprichthys gymnura,reef_facultative
Capropygia unistriata,reef_facultative
Carinotetraodon salivator,non_reef
Chaetoderma penicilligera,non_reef
Chelonodon patoca,reef_facultative
Chilomycterus antennatus,reef_facultative
Chilomycterus reticulatus,reef_facultative
Chilomycterus schoepfii,reef_facultative
Chilomycterus spinosus,reef_facultative
Chonerhinos naritus,non_reef
Colomesus asellus,non_reef
Diodon holocanthus,reef_facultative
Diodon hystrix,reef_obligate
Diodon liturosus,reef_obligate
Diodon nicthemerus,reef_facultative
Eubalichthys bucephalus,reef_obligate
Eubalichthys caeruleoguttatus,reef_obligate
Eubalichthys gunnii,reef_obligate
Eubalichthys mosaicus,reef_obligate
Eubalichthys quadrispinis,non_reef
Feroxodon multistriatus,non_reef
Halimochirurgus alcocki,non_reef
Halimochirurgus centriscoides,non_reef
Halimochirurgus platycheilus,non_reef
Hollardia hollardia,non_reef
Hollardia meadi,non_reef
Kentrocapros rosapinto aculeatus,non_reef
Lactophrys trigonus,reef_facultative
Lactophrys triqueter,reef_facultative
Lactoria cornuta,reef_facultative
Lactoria diaphana,reef_facultative
Lactoria fornasini,reef_facultative
Lagocephalus cheesemanii,non_reef
Lagocephalus guentheri,non_reef
Lagocephalus laevigatus,non_reef
Lagocephalus sceleratus,non_reef
Lagocephalus spadiceus,non_reef
Marilyna darwinii,non_reef
Masturus lanceolatus,non_reef
Melichthys indicus,reef_obligate
Melichthys niger,reef_obligate
Melichthys vidua,reef_obligate
Meuschenia trachylepis,reef_facultative
Mola mola,non_reef
Monacanthus chinensis ciliatus,non_reef
Monotrete leiurus,non_reef
Odonus niger,reef_obligate
Ostracion cubicus,reef_obligate
Ostracion meleagris,reef_obligate
Ostracion nasus tuberculatus,reef_facultative
Ostracion rhinorhynchos,reef_obligate
Ostracion solorensis,reef_obligate
Ostracion whitleyi,reef_obligate
Oxymonacanthus longirostris,reef_obligate
Parahollardia lineata,non_reef
Paraluteres prionurus,reef_obligate
Paramonacanthus choirocephalus,reef_facultative
Paramonacanthus filicauda,non_reef
Paramonacanthus japonicus,non_reef
Paramonacanthus lowei,reef_facultative
Paramonacanthus oblongus,reef_facultative
Paratriacanthodes retrospinis,non_reef
Pervagor aspricaudus,reef_obligate
Pervagor janthinosoma,reef_obligate
Pervagor marginalis,reef_obligate
Pervagor melanocephalus,reef_obligate
Pervagor nigrolineatus,reef_obligate
Pseudalutarius nasicornis,reef_facultative
Pseudobalistes flavimarginatus,reef_obligate
Pseudobalistes fuscus,reef_obligate
Pseudomonacanthus elongatus,reef_facultative
Pseudomonacanthus macrurus,reef_facultative
Pseudomonacanthus peroni,reef_facultative
Pseudotriacanthus strigilifer,non_reef
Ranzania laevis,non_reef
Rhinecanthus aculeatus,reef_obligate
Rhinecanthus assasi,reef_obligate
Rhinecanthus lunula,reef_obligate
Rhinecanthus rectangulus,reef_obligate
Rhynchostracion nasus,non_reef
Rudarius minutus,reef_facultative
Sphoeroides annulatus,reef_facultative
Sphoeroides dorsalis,non_reef
Sphoeroides greeleyi,non_reef
Sphoeroides lobatus,non_reef
Sphoeroides maculatus,non_reef
Sphoeroides marmoratus,non_reef
Sphoeroides nephelus,non_reef
Sphoeroides pachygaster,non_reef
Sphoeroides spengleri,reef_facultative
Sphoeroides testudineus,non_reef
Stephanolepis cirrhifer,reef_facultative
Stephanolepis hispidus,reef_facultative
Stephanolepis setifer,reef_facultative
Sufflamen bursa,reef_obligate
Sufflamen chrysopterum,reef_obligate
Sufflamen fraenatum,reef_obligate
Sufflamen verres,reef_obligate
Takifugu flavidus,non_reef
Takifugu niphobles,non_reef
Takifugu ocellatus,non_reef
Takifugu rubripes,non_reef
Tetraodon biocellatus,non_reef
Tetraodon fluviatilis,non_reef
Tetraodon mbu,non_reef
Tetraodon nigroviridis,non_reef
Tetrosomus concatenatus,non_reef
Tetrosomus gibbosus,non_reef
Thamnaconus degeni,non_reef
Thamnaconus striatus,non_reef
Thamnaconus tessellatus,non_reef
Torquigener hicksii,non_reef
Torquigener parcuspinus,non_reef
Torquigener pleurogramma,non_reef
Tragulichthys jaculiferus,reef_obligate
Triacanthodes anomalus,non_reef
Triacanthodes ethiops,non_reef
Triacanthus biaculeatus,non_reef
Triacanthus nieuhofi,non_reef
Triodon macropterus,non_reef
Tripodichthys blochii,non_reef
Trixiphichthys weberi,non_reef
Tydemania navigatoris,non_reef
Tylerius spinosissimus,non_reef
Xanthichthys auromarginatus,reef_obligate
Xanthichthys caeruleolineatus,reef_obligate
Xanthichthys lineopunctatus,reef_obligate
Xanthichthys mento,reef_obligate
Xanthichthys ringens,reef_obligate
