due,file
Feb-17,Abalistes_stellatus_GBIF1.jpg
Feb-17,Acanthaluteres_spilomelanurus_iN115.jpeg
Feb-17,Acreichthys_tomentosus_FB7.jpg
Feb-17,Acreichthys_tomentosus_GBIF8.jpg
Feb-17,Aluterus_monoceros_GBIF3.jpg
Feb-17,Anacanthus_barbatus_GBIF2.jpg
Feb-17,Anoplocapros_inermis_FB5.jpg
Feb-17,Balistes_capriscus_FB11.jpg
Feb-17,Balistes_capriscus_GBIF4.jpg
Feb-17,Balistes_polylepis_FB3.jpg
Feb-17,Cantherhines_pardalis_GBIF15.jpg
Feb-17,Cantherhines_pardalis_GBIF5.jpg
Feb-17,Cantherhines_sandwichiensis_GBIF6.jpg
Feb-17,Canthigaster_bennetti_GBIF5.jpg
Feb-17,Canthigaster_janthinoptera_GBIF13.jpg
Feb-17,Canthigaster_solandri_FB10.jpg
Feb-17,Canthigaster_solandri_FB4.jpg
Feb-17,Caprichthys_gymnura_iN22.jpeg
Feb-17,Chilomycterus_schoepfii_GBIF3.jpg
Feb-17,Diodon_hystrix_FB8.jpg
Feb-17,Diodon_hystrix_FB9.jpg
Feb-17,Diodon_liturosus_FB10.jpg
Feb-17,Hollardia_hollardia_GBIF4.jpg
Feb-17,Lactophrys_trigonus_GBIF9.jpg
Feb-17,Lactophrys_triqueter_FB5.jpg
Feb-17,Lagocephalus_guentheri_FB3.jpg
Feb-17,Lagocephalus_sceleratus_FB5.jpg
Feb-17,Lagocephalus_sceleratus_iN129.jpeg
Feb-17,Melichthys_indicus_GBIF4.jpg
Feb-17,Melichthys_vidua_FB6.jpg
Feb-17,Mola_mola_GBIF99.jpg
Feb-17,Ostracion_cubicus_GBIF14.jpg
Feb-17,Ostracion_nasus_GBIF3.jpg
Feb-17,Ostracion_nasus_GBIF5.jpg
Feb-17,Ostracion_solorensis_GBIF2.jpg
Feb-17,Oxymonacanthus_longirostris_FB6.jpg
Feb-17,Paraluteres_prionurus_GBIF8.jpg
Feb-17,Paramonacanthus_lowei_iN4.jpeg
Feb-17,Paramonacanthus_lowei_iN5.jpeg
Feb-17,Paratriacanthodes_retrospinis_GBIF4.jpg
Feb-17,Pervagor_nigrolineatus_FB1.jpg
Feb-17,Pseudalutarius_nasicornis_FB6.jpg
Feb-17,Pseudobalistes_flavimarginatus_GBIF1.jpg
Feb-17,Pseudobalistes_flavimarginatus_GBIF5.jpg
Feb-17,Pseudobalistes_fuscus_GBIF2.jpg
Feb-17,Pseudobalistes_fuscus_GBIF7.jpg
Feb-17,Rhinecanthus_lunula_GBIF2.jpg
Feb-17,Rhynchostracion_nasus_GBIF1.jpg
Feb-17,Sphoeroides_pachygaster_iN20.jpeg
Feb-17,Sphoeroides_spengleri_GBIF3.jpg
Feb-17,Takifugu_niphobles_GBIF4.jpg
Feb-17,Tetrosomus_gibbosus_FB6.jpg
Feb-17,Tragulichthys_jaculiferus_FB2.jpg
Feb-17,Triacanthus_biaculeatus_FB4.jpg
Feb-17,Triacanthus_biaculeatus_FB6.jpg
Feb-17,Xanthichthys_auromarginatus_GBIF2.jpg
Feb-17,Xanthichthys_lineopunctatus_FB2.jpg
Feb-17,Xanthichthys_lineopunctatus_iN1.jpeg
Feb-17,Xanthichthys_mento_GBIF4.jpg
Feb-24,Abalistes_filamentosus_iN1.jpeg
Feb-24,Abalistes_stellatus_FB11.jpg
Feb-24,Acanthaluteres_vittiger_iN56.jpeg
Feb-24,Acreichthys_tomentosus_iN49.jpeg
Feb-24,Aluterus_scriptus_GBIF1.jpg
Feb-24,Aluterus_scriptus_iN232.jpeg
Feb-24,Anacanthus_barbatus_iN11.jpeg
Feb-24,Anacanthus_barbatus_man1.jpg
Feb-24,Anoplocapros_lenticularis_man1.jpg
Feb-24,Arothron_hispidus_GBIF22.jpg
Feb-24,Arothron_meleagris_FB10.jpg
Feb-24,Arothron_nigropunctatus_FB9.jpg
Feb-24,Cantherhines_dumerilii_GBIF6.jpg
Feb-24,Cantherhines_fronticinctus_FB5.jpg
Feb-24,Cantherhines_fronticinctus_iN73.jpeg
Feb-24,Cantherhines_longicaudus_GBIF3.jpg
Feb-24,Cantherhines_sandwichiensis_FB1.jpg
Feb-24,Canthigaster_bennetti_FB4.jpg
Feb-24,Canthigaster_janthinoptera_GBIF10.jpg
Feb-24,Canthigaster_marquesensis_GBIF3.jpg
Feb-24,Canthigaster_solandri_FB9.jpg
Feb-24,Caprichthys_gymnura_iN23.jpeg
Feb-24,Chaetoderma_penicilligera_iN201.jpeg
Feb-24,Diodon_hystrix_GBIF1.jpg
Feb-24,Eubalichthys_bucephalus_iN292.jpeg
Feb-24,Hollardia_meadi_FB1.jpg
Feb-24,Lactoria_cornuta_GBIF3.jpg
Feb-24,Lactoria_diaphana_FB2.jpg
Feb-24,Masturus_lanceolatus_iN21.jpeg
Feb-24,Melichthys_vidua_GBIF4.jpg
Feb-24,Monacanthus_chinensis_ciliatus_FB11.jpg
Feb-24,Monacanthus_chinensis_ciliatus_FB13.jpg
Feb-24,Ostracion_meleagris_GBIF24.jpg
Feb-24,Ostracion_whitleyi_GBIF2.jpg
Feb-24,Paramonacanthus_filicauda_iN107.jpeg
Feb-24,Pervagor_aspricaudus_GBIF4.jpg
Feb-24,Pseudalutarius_nasicornis_FB4.jpg
Feb-24,Pseudomonacanthus_elongatus_GBIF1.jpg
Feb-24,Ranzania_laevis_FB5.jpg
Feb-24,Rhinecanthus_assasi_FB6.jpg
Feb-24,Rhynchostracion_nasus_GBIF15.jpg
Feb-24,Sphoeroides_pachygaster_FB1.jpg
Feb-24,Stephanolepis_hispidus_iN274.jpeg
Feb-24,Sufflamen_bursa_GBIF1.jpg
Feb-24,Sufflamen_bursa_GBIF12.jpg
Feb-24,Sufflamen_bursa_GBIF9.jpg
Feb-24,Sufflamen_chrysopterum_GBIF2.jpg
Feb-24,Sufflamen_fraenatum_FB3.jpg
Feb-24,Takifugu_niphobles_FB4.jpg
Feb-24,Takifugu_niphobles_iN3.jpeg
Feb-24,Thamnaconus_tessellatus_GBIF4.jpg
Feb-24,Tragulichthys_jaculiferus_GBIF12.jpg
Feb-24,Triacanthodes_anomalus_GBIF4.jpg
Feb-24,Triacanthus_biaculeatus_FB3.jpg
Feb-24,Tydemania_navigatoris_GBIF3.jpg
Feb-24,Xanthichthys_auromarginatus_FB6.jpg
Feb-24,Xanthichthys_auromarginatus_GBIF6.jpg
Feb-24,Xanthichthys_mento_FB3.jpg
Feb-24,Xanthichthys_ringens_iN65.jpeg
Mar-10,Acanthostracion_quadricornis_FB3.jpg
Mar-10,Aluterus_heudelotii_GBIF1.jpg
Mar-10,Anoplocapros_inermis_GBIF2.jpg
Mar-10,Anoplocapros_inermis_iN173.jpeg
Mar-10,Aracana_aurita_iN263.jpeg
Mar-10,Arothron_stellatus_FB11.jpg
Mar-10,Auriglobus_nefastus_GBIF1.jpg
Mar-10,Balistes_vetula_FB5.jpg
Mar-10,Balistoides_conspicillum_FB6.jpg
Mar-10,Cantherhines_longicaudus_GBIF1.jpg
Mar-10,Cantherhines_pardalis_FB8.jpg
Mar-10,Cantherhines_pullus_GBIF5.jpg
Mar-10,Canthigaster_bennetti_FB3.jpg
Mar-10,Canthigaster_bennetti_FB5.jpg
Mar-10,Canthigaster_cyanospilota_FB2.jpg
Mar-10,Canthigaster_jactator_FB5.jpg
Mar-10,Canthigaster_jactator_GBIF2.jpg
Mar-10,Canthigaster_rostrata_GBIF1.jpg
Mar-10,Canthigaster_valentini_FB10.jpg
Mar-10,Chilomycterus_reticulatus_FB5.jpg
Mar-10,Diodon_holocanthus_FB12.jpg
Mar-10,Eubalichthys_mosaicus_iN28.jpeg
Mar-10,Feroxodon_multistriatus_FB1.jpg
Mar-10,Halimochirurgus_alcocki_man2.jpg
Mar-10,Hollardia_hollardia_GBIF1.jpg
Mar-10,Lagocephalus_cheesemanii_iN9.jpeg
Mar-10,Lagocephalus_guentheri_FB2.jpg
Mar-10,Lagocephalus_spadiceus_FB3.jpg
Mar-10,Lagocephalus_spadiceus_GBIF18.jpg
Mar-10,Melichthys_vidua_GBIF3.jpg
Mar-10,Mola_mola_FB13.jpg
Mar-10,Ostracion_cubicus_GBIF10.jpg
Mar-10,Ostracion_rhinorhynchos_FB4.jpg
Mar-10,Ostracion_rhinorhynchos_GBIF1.jpg
Mar-10,Paramonacanthus_japonicus_FB2.jpg
Mar-10,Paratriacanthodes_retrospinis_GBIF6.jpg
Mar-10,Pervagor_aspricaudus_GBIF11.jpg
Mar-10,Pervagor_aspricaudus_GBIF6.jpg
Mar-10,Pervagor_aspricaudus_GBIF9.jpg
Mar-10,Pervagor_marginalis_FB2.jpg
Mar-10,Pervagor_nigrolineatus_FB5.jpg
Mar-10,Pseudobalistes_fuscus_GBIF1.jpg
Mar-10,Pseudomonacanthus_peroni_FB2.jpg
Mar-10,Pseudomonacanthus_peroni_iN13.jpeg
Mar-10,Ranzania_laevis_FB4.jpg
Mar-10,Rhinecanthus_rectangulus_GBIF26.jpg
Mar-10,Sphoeroides_maculatus_FB1.jpg
Mar-10,Sphoeroides_marmoratus_FB5.jpg
Mar-10,Stephanolepis_cirrhifer_FB12.jpg
Mar-10,Stephanolepis_cirrhifer_FB9.jpg
Mar-10,Stephanolepis_cirrhifer_iN115.jpeg
Mar-10,Stephanolepis_setifer_GBIF1.jpg
Mar-10,Sufflamen_chrysopterum_GBIF16.jpg
Mar-10,Torquigener_hicksii_man1.jpg
Mar-10,Triacanthodes_anomalus_FB1.jpg
Mar-10,Xanthichthys_caeruleolineatus_GBIF4.jpg
Mar-10,Xanthichthys_mento_FB5.jpg
Mar-10,Xanthichthys_ringens_GBIF6.jpg
